id,position,name,address
1,manager,yang,home
1,manager,yang,home
1,manager,yang,home
1,manager,yang,home
1,manager,yang,home
1,manager,yang,home
2,eater,yijing,homeless
2,eater,yijing,homeless
2,eater,yijing,homeless
2,eater,yijing,homeless
2,eater,yijing,homeless
2,eater,yijing,homeless
2,eater,yijing,homeless
2,eater,yijing,homeless
2,eater,yijing,homeless
2,eater,yijing,homeless
2,eater,yijing,homeless
2,eater,yijing,homeless
2,eater,yijing,homeless
2,eater,yijing,homeless
2,eater,yijing,homeless
2,eater,yijing,homeless
2,eater,yijing,homeless
2,eater,yijing,homeless
2,eater,yijing,homeless
2,eater,yijing,homeless
2,eater,yijing,homeless
2,eater,yijing,homeless
2,eater,yijing,homeless
2,eater,yijing,homeless
2,eater,yijing,homeless
2,eater,yijing,homeless
2,eater,yijing,homeless
2,eater,yijing,homeless
2,eater,yijing,homeless
2,eater,yijing,homeless
2,eater,yijing,homeless
2,eater,yijing,homeless
2,eater,yijing,homeless
2,eater,yijing,homeless
2,eater,yijing,homeless
2,eater,yijing,homeless
2,eater,yijing,homeless
2,2,yijing,homeless
2,2,yijing,homeless
2,2,yijing,homeless
2,2333,yijing,homeless
2,2333,yijing,homeless
2, 2 333, Yijing, homeless
2, 2 333, Yijing, homeless
2, 2 333, Yijing, homeless
2, 2 333, Yijing, homeless
2, 2 333, Yijing, homeless
2, 2 333, Yijing, homeless
2, 2 333, Yijing, homeless
2,2 333,Yijing,homeless
2,2 333,Yijing,homeless
2,2 333,Yijing,homeless
2,2 333,Yijing,homeless
2,2 333,Yijing,homeless
